battery_power,clock_speed,int_memory,ram,price_range
842,2.2,7,2549,1
1021,0.5,53,2631,2
563,0.5,41,2603,2
615,2.5,10,2769,2
1821,1.2,44,1411,1
1859,0.5,22,1067,1
1821,1.7,10,3220,3
1954,0.5,24,700,0
1445,0.5,53,1099,0
509,0.6,9,513,0
769,2.9,9,3946,3
1520,2.2,33,3826,3
1815,2.8,33,1482,1
803,2.1,17,2680,2
1866,0.5,52,373,0
775,1,46,568,0
838,0.5,13,3554,3
595,0.9,23,3752,3
1131,0.5,49,1835,1
682,0.5,19,2337,1
772,1.1,39,2819,3
1709,2.1,13,3283,3
1949,2.6,47,1433,1
1602,2.8,38,1037,0
503,1.2,8,2583,1
961,1.4,57,2782,2
519,1.6,51,3763,3
956,0.5,41,3286,3
1453,1.6,52,2373,2
851,0.5,21,478,0
1579,0.5,5,3532,3
1568,0.5,33,508,0
1319,0.9,41,2227,1
1310,2.2,51,3845,3
644,2.7,22,1262,0
725,1.3,60,1326,1
589,2.3,61,2113,1
1725,1.6,6,3429,3
790,2,11,3169,2
560,0.5,50,2150,2
1347,2.9,44,2484,2
1646,2.3,41,3339,3
1253,0.5,5,1878,1
1656,1,34,1629,1
1195,2.8,20,504,0
1514,2.9,27,1152,1
1723,1.1,42,3587,3
1054,1.8,40,2296,1
578,2.6,57,1270,0
596,2.1,64,3238,3
1547,3,14,2059,2
1760,1.4,63,2053,2
1654,1.5,43,3112,3
1457,1.9,16,1440,1
1073,0.5,51,2908,2
1936,2.1,46,2552,2
823,2.7,60,905,0
987,1.3,61,3963,3
1757,0.5,49,2056,1
1063,1.4,48,2910,2
1484,3,12,1457,1
799,2.3,63,431,0
1156,1.2,50,470,0
1720,2,55,2148,2
702,2.6,9,2955,2
616,1.9,44,3366,3
1358,0.5,36,3068,3
1866,1.4,30,3834,3
1242,1.1,10,1050,0
1166,1.5,43,3993,3
1448,0.5,45,3378,3
1407,2.4,22,2192,2
605,1,9,392,0
1038,1.2,43,3709,3
797,2.9,38,590,0
819,0.6,42,1814,1
1114,2.8,9,907,0
1234,1.6,33,1449,0
1199,2.5,16,3448,3
1103,1,29,1837,1
1589,0.6,58,3464,3
999,2.9,64,2593,2
1510,0.9,45,3484,3
1008,0.8,61,2009,1
1127,2.9,57,2048,1
1412,2.4,25,837,1
1496,2,42,854,0
1083,2.9,64,3210,3
668,0.5,3,2746,2
1309,1.1,33,2334,2
1724,2,57,2822,3
1977,2,54,1971,2
885,2.3,15,1410,0
879,2.5,14,349,0
1322,1.7,7,1418,1
1137,1,7,3616,3
1355,2.3,23,880,0
1665,0.5,60,1601,2
657,2.5,37,1412,0
593,0.5,31,1692,1
1883,0.5,10,2600,3
1732,1.1,12,1308,1
543,0.5,57,2413,1
1939,2.8,55,1047,0
553,2.4,8,1204,0
832,0.7,39,1799,1
1661,1.9,23,2676,3
1657,2.4,42,2597,3
1135,2,46,3029,3
1775,1.5,41,2343,3
783,1.8,43,2016,1
617,2.3,32,2213,1
867,1.4,4,790,0
1310,1.1,7,3182,2
1804,0.5,22,3472,3
1900,2.3,18,2871,3
909,1.4,53,3187,2
1084,2.6,40,1945,1
1308,1.3,46,488,0
1778,0.5,15,1214,1
1701,1.6,10,2598,2
772,2.4,10,3242,3
825,0.5,52,3534,3
1379,1.1,36,3426,3
1166,2,25,2488,2
1659,2.8,16,3255,3
826,2.4,58,2863,2
1564,2.3,25,1496,1
1957,0.9,31,3801,3
1571,1.4,19,666,0
1414,2,54,3799,3
1790,2.5,2,1366,1
645,0.5,41,2962,2
668,2.9,30,2399,1
1652,1.1,36,2338,2
1213,0.5,16,2700,2
1272,2.5,22,2235,1
866,0.5,46,3825,3
536,2.4,3,284,0
523,2.6,14,1427,0
1753,0.5,31,1324,2
1218,1.8,14,398,0
1537,2.5,43,3685,3
786,2.2,33,2390,2
1678,2.1,64,278,0
1814,1.4,9,3556,3
1101,1.8,31,2196,1
1461,2.4,40,3799,3
1216,3,47,2268,2
506,1.6,41,2965,2
843,0.5,56,2341,1
742,2.2,56,3557,3
1692,2.1,61,1354,1
1485,1,32,2147,2
1547,2.9,45,505,0
1692,2.3,46,1394,1
637,2.3,60,374,0
1224,0.5,6,506,0
1356,2.8,29,3702,3
1840,0.5,34,1078,1
1481,0.7,37,2945,2
961,1.5,51,2981,2
1296,0.9,14,490,0
1193,0.9,26,536,0
1441,2.1,3,2317,2
517,1.4,33,3704,3
748,1.7,27,2126,1
1126,2.4,10,2050,2
1572,0.6,58,2462,3
1569,2.8,44,1260,1
1270,0.6,32,3770,3
1854,3,8,1886,1
625,1.2,10,3323,2
1577,0.5,42,2060,2
534,0.5,16,3926,3
946,1.7,25,2177,2
685,0.5,29,728,0
1949,1.3,23,2478,3
947,0.8,22,2842,2
801,2.2,63,1617,1
703,2.7,30,1472,0
1165,2.4,41,764,0
1082,0.8,38,2337,2
959,2.6,20,3965,3
1502,1.2,54,3693,3
1380,2.1,4,797,0
1266,0.5,5,1687,2
1934,2.6,46,2940,3
1905,0.5,6,1545,1
1831,1.4,43,3834,3
596,1.4,46,2505,1
1562,1.3,7,2243,2
1490,0.5,64,3600,3
1523,2.4,57,3971,3
640,0.6,20,2844,2
1526,2.1,23,2227,2
1989,2.5,41,1665,2
1308,1.9,61,3355,3
609,0.5,26,1866,1
1905,0.6,36,1287,1
1703,0.5,22,1046,0
1445,2.4,20,1441,1
1087,1.3,16,690,0
671,0.9,30,2504,2
1472,2.3,61,2677,2
765,0.5,47,2243,2
1642,0.5,8,2984,2
1265,1.5,49,1362,1
664,1.1,51,3629,3
1277,0.5,35,3559,3
1395,1.8,23,2571,2
1539,2.6,41,2107,2
1049,2.2,63,1022,0
1827,1.7,39,2844,2
903,1,50,711,0
1987,0.5,53,3117,3
1154,1.2,49,978,0
1336,0.9,17,1869,1
1886,0.5,24,1179,1
1551,1.1,51,3844,3
850,1.6,29,593,0
660,0.5,40,588,0
1225,2.1,13,3836,3
1452,0.5,25,2669,2
1686,2.8,38,2958,3
1634,1.4,17,3031,3
1708,2.4,49,3388,3
1151,2.9,31,2377,2
1578,1.9,37,2458,2
1689,1.8,24,2766,3
1488,0.5,39,3054,3
1313,1.8,9,3791,3
1715,1,31,625,0
1442,1,27,2227,1
528,1.7,6,3256,2
1523,1.8,11,707,0
1133,1.4,42,1457,1
1718,2.5,6,3755,3
1330,0.5,38,1733,1
1799,0.5,49,720,0
633,2.2,49,3560,2
724,2.7,44,2311,2
822,0.5,51,3846,3
1918,1.9,10,1717,2
1891,2.8,37,3704,3
1373,1,50,3800,3
862,0.8,23,278,0
1273,1,48,1767,1
957,2.5,7,1846,1
1617,1.3,30,829,0
893,2.5,55,2986,2
1210,0.5,63,2394,2
708,2.7,63,2169,1
835,1.1,7,1181,0
1450,2.7,19,575,0
973,1.5,57,2977,2
601,1.4,4,532,0
507,0.5,32,1702,1
564,1.8,51,1074,0
1559,1.6,6,3352,3
754,0.5,59,1027,1
728,2.7,25,2039,1
1431,0.5,56,461,0
767,1.5,28,527,0
1722,2.6,18,3271,3
1992,1.6,57,606,1
1876,0.5,40,2513,3
1054,1.1,38,1675,1
1283,1.6,47,2698,2
1281,2.3,28,1129,1
1066,0.6,7,468,0
730,2.1,4,1210,0
1053,0.8,45,3086,3
1611,0.5,3,1595,1
793,1,30,2332,2
1220,2.9,62,2589,2
1662,0.5,61,3760,3
1281,2.8,8,1851,1
538,0.8,2,417,0
823,0.5,39,294,0
1733,2.8,36,3576,3
1429,1.5,40,3945,3
1839,1.2,54,927,1
659,2.7,6,2044,1
1953,2.1,56,2334,2
1172,1.9,27,1477,1
612,1.9,16,3161,3
1563,2.4,24,3660,3
1191,1.3,26,1604,1
615,0.5,42,2211,1
1893,2.1,63,3822,3
1563,1.7,16,3922,3
1995,1.9,9,1203,2
1517,0.5,48,2822,3
832,1.6,34,447,0
1162,2,56,1652,1
1595,2.6,12,3608,3
1329,1,52,1228,1
928,0.5,56,666,0
1656,0.5,38,1499,1
1937,1.7,58,3321,3
977,1.1,57,1206,0
768,0.9,56,952,0
1464,0.5,12,3927,3
1177,0.9,29,311,0
1348,2,52,955,1
1956,2.2,37,1109,1
1751,0.5,8,2969,2
1530,2,42,725,0
1997,1.8,40,1655,2
1414,1.5,44,3490,3
1707,1.4,41,1774,2
894,0.5,50,3615,3
645,1.2,41,714,0
1163,2.8,49,2768,2
1126,0.7,49,3739,3
1648,0.7,64,610,1
1170,0.9,14,715,0
508,0.8,42,663,0
1097,2.1,64,1725,1
728,1.7,5,834,0
1980,0.5,29,3865,3
1504,2.3,64,3059,3
1379,2.1,63,651,0
1698,2.1,18,796,0
920,2.1,25,785,0
1144,1.5,21,3252,2
1995,0.5,26,1322,1
1430,0.5,27,2832,2
972,0.5,13,1615,1
662,0.5,20,2125,1
1867,2.3,9,990,1
1730,2,20,1595,1
1723,1,7,1213,1
1882,1.3,47,2500,2
803,0.8,18,2801,2
580,1.2,47,3451,3
668,2.3,48,1201,0
1391,1.4,36,3139,2
1560,2.3,22,1938,2
821,1.8,54,3185,2
811,2.4,2,2111,1
1989,2.9,17,2369,2
1034,2.7,37,3625,3
618,2.1,6,1051,0
654,1.3,52,1036,1
576,2.8,10,2938,2
667,0.6,3,2855,2
869,1,57,2727,2
635,0.5,42,2973,2
609,3,44,2581,1
1557,2.8,2,2690,3
1604,1.7,33,916,0
1182,0.5,8,2563,2
848,2.1,19,3359,2
1610,2.9,64,941,1
1828,2.1,17,2280,2
880,2,50,827,0
1394,0.9,62,473,0
1960,2.3,61,3865,3
809,0.8,21,1274,1
899,0.5,57,364,0
1976,0.7,32,3699,3
879,1.5,21,2927,2
916,2.6,36,1470,0
763,1.7,2,1050,0
508,1.6,9,2616,2
825,2.9,34,2915,3
1864,1.4,46,2686,2
1725,0.5,52,1243,1
1108,2.9,52,3264,3
1011,1.1,36,2261,1
1703,1.5,55,2993,3
1067,1.7,58,706,0
1334,2.4,42,2542,3
775,2.6,30,2523,2
1899,0.6,26,336,0
930,1.3,14,2457,1
1058,1.5,19,418,0
1187,2.2,46,3917,3
1874,2.7,8,1246,1
1482,0.5,48,2971,2
1809,1.7,59,2324,2
864,3,54,3121,2
625,1.9,33,3801,2
1880,1.8,18,3333,3
1138,1.4,44,3475,3
560,0.5,23,2360,1
1117,0.5,12,2895,2
1712,1.4,63,3652,3
1836,1.7,26,3097,3
1036,2.4,39,2101,1
1860,2.3,23,3918,3
1375,1.1,9,3869,3
1945,1.6,57,732,1
1896,0.5,7,3684,3
788,2.5,57,3969,3
880,1.7,33,1414,0
1323,2.5,28,1892,1
1868,2,42,3131,3
1266,1.9,7,2532,2
1042,2.7,50,3215,3
1479,0.5,19,3323,3
1476,1.2,55,1529,2
1552,2.2,13,2403,2
1454,0.5,34,3419,3
1007,2,45,3648,3
652,2.4,17,1974,0
1504,1.5,34,2806,2
1726,0.9,51,2239,2
1029,1.9,5,582,0
1582,2.8,44,3890,3
1478,0.8,48,1141,1
1178,1.3,49,2511,2
707,2.1,25,3838,3
755,2.8,51,2734,2
912,2,54,2330,1
651,0.8,63,2244,1
1483,2.1,54,1851,1
914,0.9,4,808,0
1456,0.5,7,1587,1
1178,2.2,57,2492,2
1503,0.7,43,2122,2
1681,2.5,11,1122,0
715,2.3,48,3709,2
1876,2.8,56,3021,2
1190,2.2,47,624,0
1755,1.3,24,3937,3
1197,1.3,20,1797,1
1048,0.9,28,1458,1
1887,3,17,3348,3
1772,0.5,64,1834,1
1421,2.8,57,2775,3
1464,0.5,17,1277,1
728,2.3,23,457,0
954,0.5,50,438,0
685,0.5,13,3210,3
1472,2.8,36,985,1
853,2,3,3701,3
1469,2.1,8,1052,0
1310,2.3,57,1175,0
1654,1.8,11,1070,1
902,0.7,3,3411,3
1448,1.4,26,1175,1
1631,0.9,3,301,0
1608,1.8,28,489,0
1991,2.7,64,1733,2
1349,2,62,2756,2
1589,2.5,51,2612,2
1844,2.3,51,1724,1
712,0.5,35,2190,1
972,1.7,54,1900,1
1406,0.5,34,3915,3
1289,0.9,25,1043,0
932,1.3,64,3817,3
1747,0.9,48,2362,2
1172,2.1,41,1107,1
1128,1.4,53,2982,3
664,1.2,28,2042,1
513,0.5,44,1343,0
1742,2.3,43,2610,2
1512,1.7,6,2335,2
1986,0.5,51,1614,1
965,1.5,13,1138,0
1067,2.4,40,604,0
1583,1.6,42,3652,3
1653,0.5,37,3955,3
1433,1.6,4,258,0
765,2.9,18,1066,0
1845,0.5,61,1731,1
752,0.5,48,3860,3
1948,2.8,16,3630,3
1077,2.5,45,1965,1
932,0.5,60,1459,0
1968,0.9,22,2323,2
1122,1.2,2,3291,2
1588,0.5,61,3272,3
601,2.1,26,918,0
1615,0.5,15,3488,3
1589,2.2,58,3961,3
1417,2.7,56,590,0
1697,0.7,34,3701,3
1330,1.3,3,463,0
1476,0.5,43,3644,3
1579,1.5,27,1713,1
1277,3,41,429,0
1089,0.9,2,2765,2
1663,2.5,27,2084,2
1949,1.8,20,1125,1
1138,1.1,48,2048,2
685,2.7,17,1223,0
1889,2.8,31,3672,3
857,2,17,3100,2
1902,2.8,50,343,0
1225,2.4,15,1970,1
1066,1.6,39,2728,2
1554,0.5,5,3635,3
1337,0.5,31,2180,1
1926,1.7,33,2488,2
869,1.3,34,3864,3
1278,0.5,54,1155,0
1773,2.5,32,3566,3
1661,0.8,6,864,1
1438,2.2,32,869,0
1661,1.4,29,591,0
1846,0.6,19,1333,1
1260,2,23,2208,2
512,0.5,15,2610,2
581,2.2,59,2819,2
1872,2.3,44,1955,2
687,1.3,50,3416,3
1062,2.5,10,3803,3
1678,2.3,7,574,0
1417,0.5,45,2129,1
1074,2.4,9,1948,1
1832,0.7,2,2978,2
1039,1.3,12,1619,1
1059,2.4,61,3716,3
1606,1.4,57,3454,3
1928,1.8,19,3777,3
1875,0.5,55,2712,3
1128,1.1,46,1434,1
1748,1.7,14,3968,3
1413,0.5,51,3383,3
825,0.5,23,3278,3
1589,1.4,26,3970,3
535,0.5,54,2674,2
1780,0.5,27,2776,3
1671,0.6,61,2336,2
1821,0.9,12,2430,2
1076,2.6,38,891,0
532,0.8,8,728,0
777,2.6,30,3886,3
1217,0.5,17,1711,1
1656,1.6,16,2856,2
1185,1.9,31,2447,2
577,2.4,37,814,0
737,2.4,49,2951,2
704,2.2,53,3653,2
525,0.5,51,1891,1
504,0.5,16,701,0
793,1.2,38,3139,3
569,0.6,39,2811,1
1590,1.9,21,1701,1
707,0.5,16,1853,1
767,1.9,19,2445,1
1350,0.5,50,2287,1
1117,0.6,31,2003,2
641,1.1,7,3595,2
1002,0.8,35,1726,1
1408,2.1,45,3952,3
1900,2,41,850,1
726,2.9,43,1446,0
1544,2.3,45,1300,1
1454,1.6,21,719,0
1230,2.2,26,988,0
1552,1.2,53,2606,2
1519,2.1,32,2912,2
723,1.9,30,2339,2
1191,2.4,13,1028,0
1168,1.3,61,3173,3
1229,0.5,14,1667,1
1758,0.5,13,1897,2
1290,0.5,3,1214,1
574,2.8,38,3269,2
1271,0.5,32,445,0
1170,1.2,30,1073,0
1269,1.3,52,665,1
1288,2.8,50,3129,3
1366,0.7,34,3501,3
1572,0.8,8,3461,3
1627,0.9,32,3206,3
1701,0.5,46,3717,3
1900,0.5,55,3917,3
1974,1,24,861,0
1197,0.5,20,2885,2
587,2.3,6,2777,2
934,1.1,24,1017,0
1195,2,23,980,0
1853,1,23,2775,3
1164,1,19,3309,3
1512,0.5,18,3607,3
1232,2.9,24,1257,0
1813,0.6,5,759,0
946,2.6,5,3720,3
739,2.3,58,475,0
704,2.7,29,1122,0
1663,0.5,40,1336,1
1966,1.4,40,1185,2
1219,1,17,705,0
612,0.7,35,3169,2
1658,1.4,39,3483,3
1263,0.5,64,1183,1
1395,2.8,55,3373,3
621,2.7,54,2801,2
652,0.5,58,565,0
1175,0.6,25,3153,2
561,1,11,3421,2
1137,2.2,3,316,0
1835,2.3,11,448,0
1170,2.9,40,2366,1
1595,0.8,44,3881,3
1719,2,12,462,0
1770,2.3,7,1480,1
1312,0.5,28,1087,1
1878,1.5,56,2711,2
1871,2,20,2144,2
922,1.5,35,1165,0
1975,1.5,16,2998,2
1212,2.6,46,2249,2
1430,0.9,56,752,0
1958,1.9,4,1409,1
1836,2.1,30,3072,3
557,1.6,24,1305,0
539,0.6,21,3597,2
880,0.5,44,3132,2
1369,1.8,34,3856,3
1109,2.7,39,1524,1
843,1.8,16,3673,3
598,2.3,21,3293,2
972,2.7,5,3035,2
1944,0.5,36,584,1
1225,0.7,2,2675,2
644,1.3,30,2382,2
1919,1.5,48,1391,1
501,2.3,54,2346,1
1620,2.2,30,606,0
1227,1.1,34,1324,1
1359,0.5,58,1076,0
1914,0.7,35,643,1
1645,1.8,21,783,0
1063,1.1,26,3809,3
946,2.1,19,2104,1
1231,1.2,54,1762,1
1397,2.9,9,3137,3
701,0.7,15,1756,1
570,0.5,9,3663,3
1993,0.5,27,2437,2
955,0.5,43,1432,1
924,0.5,47,1620,1
600,0.5,14,1655,0
518,0.8,3,2832,2
1063,2.5,31,961,0
920,0.5,46,2608,2
1715,1.9,3,514,0
1841,1.3,14,2304,2
543,0.5,60,933,0
1762,2.7,25,1896,1
1112,0.5,53,3655,3
709,2,35,1973,1
1315,2.6,64,3278,2
1762,2.5,15,2183,2
1462,1.7,25,824,0
571,1.6,35,2598,1
666,0.5,54,1254,0
1994,1.5,7,3622,3
1583,2.1,14,1704,2
1778,1.4,45,1624,1
1926,1.1,50,3809,3
966,0.6,50,2574,2
568,2,36,950,0
1897,3,21,273,0
1695,0.5,46,446,1
1623,1.2,61,1510,2
914,0.5,26,1122,0
1721,0.5,33,707,0
890,2.2,44,751,0
600,0.5,48,3393,2
1677,1.8,11,3771,3
723,0.5,3,1851,1
638,1.7,27,2735,2
852,1,62,2253,1
1979,1.6,32,452,0
710,0.5,32,1419,0
1034,2.6,45,969,0
600,2.5,22,3441,2
1027,0.5,64,3786,3
1260,0.6,13,2710,2
1793,1.8,12,3533,3
675,2.3,60,1735,0
658,2.7,12,3587,3
1694,0.6,34,2298,2
804,0.8,41,2027,1
1713,2.5,27,2406,2
706,0.5,31,2419,1
1362,0.5,25,995,0
1527,2.7,60,2078,2
768,0.5,19,1145,0
1314,2.9,41,626,0
705,0.5,57,1509,1
1403,2.7,26,3371,3
1486,2.6,52,297,0
781,1.1,38,3508,3
986,1.5,23,2385,1
1310,1.4,33,1301,1
560,2,57,2167,1
1348,1.3,43,3914,3
1567,0.5,22,2312,2
1940,0.9,17,2297,2
1979,2.9,19,411,0
561,2.1,2,665,0
1717,1.3,62,3226,3
535,1.5,48,740,0
1413,0.5,39,3878,3
1358,2.5,20,3406,3
1519,2.9,30,2440,2
1254,1.2,50,3959,3
1591,2.2,49,3703,3
977,2.8,35,3714,3
1640,0.7,21,337,0
663,0.8,25,3176,2
1744,1,20,1205,1
1624,1.6,28,2473,2
1108,1.3,2,1229,0
1188,1.4,9,2896,3
817,1.3,11,2039,1
863,1.6,6,520,0
1397,2.4,3,1378,1
1108,1,49,3254,3
1068,2,37,1803,1
1702,2.3,52,2501,3
808,0.5,8,3762,3
1156,0.5,61,1796,1
1271,0.5,54,990,0
696,0.5,51,2630,1
1981,1.9,45,1380,1
614,1.7,58,3487,2
1590,0.6,7,1201,1
1945,1.6,21,3015,3
1135,2.8,43,3204,3
1049,0.6,2,433,0
1807,2.1,49,1906,2
984,0.5,42,898,0
720,1.4,61,2799,3
1536,0.8,13,2020,2
771,0.5,25,770,0
503,2.5,57,305,0
675,2.4,42,2953,2
1936,1.9,34,1671,1
1303,1,15,2574,2
1004,2.9,35,3772,3
1972,1.2,37,2870,3
1822,1.2,8,2577,2
1159,2.8,18,2246,1
1782,2.8,58,2405,2
894,2.1,16,3377,2
1884,2.1,43,3619,3
1648,0.5,17,1184,1
798,2.4,4,2965,2
802,2.4,45,3713,3
1276,2.9,53,3798,3
1331,1.6,16,1026,1
1620,2.6,5,1086,1
1996,2.5,51,2236,2
1092,2.7,45,1303,1
1018,0.7,63,3048,2
545,0.5,11,616,0
554,1.3,12,3764,2
1264,2.9,34,419,0
1030,1.6,58,2858,3
1432,1.7,39,504,0
558,2.8,49,392,0
829,0.5,56,820,0
1741,1.8,14,3387,3
1849,2.3,15,3447,3
733,2.1,7,1403,0
1872,0.9,16,2295,2
1853,0.5,27,1973,2
1149,2.2,30,3755,3
891,0.5,25,2073,1
1911,2,64,3872,3
550,0.5,23,302,0
576,0.8,27,1519,1
1760,1.9,50,2549,2
969,2.4,45,404,0
1160,1.1,63,595,0
827,1.1,18,1663,0
1786,0.5,58,2764,3
774,0.6,8,2614,2
819,2.5,11,1094,0
1042,2.2,11,2826,2
1368,3,50,2496,2
1592,2.1,50,2103,1
1067,1.8,14,966,0
1892,0.7,47,2172,2
915,1.1,56,905,0
774,2.8,55,3916,3
1848,1.4,42,3902,3
1501,1.1,2,2487,2
1614,1.9,55,3914,3
911,2.9,46,363,0
1520,0.5,24,3233,3
1647,1.4,38,2532,2
1347,0.9,53,3836,3
967,1.6,25,3076,2
1442,2.2,56,1513,2
1204,2.6,10,1724,1
1320,2.1,41,542,0
1800,0.7,8,3481,3
1567,2.1,22,3991,3
1439,0.9,20,1790,1
1422,1,3,509,0
1591,2.2,52,282,0
880,1.7,6,3006,2
1929,0.5,19,1913,1
1642,1.6,5,1333,2
1511,2.5,21,3746,3
1312,1.3,10,3941,3
1852,1.4,10,3970,3
972,1.3,44,3925,3
691,2.7,33,424,0
807,0.5,8,1284,0
1113,0.6,25,277,0
721,1.3,16,1713,1
1188,1.5,54,485,0
1512,0.5,52,3002,2
805,0.7,64,418,0
918,0.9,8,1652,1
1320,0.5,48,2893,2
1236,0.9,57,1406,0
1387,0.5,61,629,0
1883,2.7,30,3724,3
839,2,14,3835,3
1593,1,52,1354,1
1722,1,25,2376,3
1954,0.6,7,3438,3
1788,0.5,2,2655,2
1628,0.5,33,3361,3
1965,0.5,4,3535,3
833,2.2,27,2150,1
571,0.6,43,2587,1
1808,0.5,31,2736,3
1860,0.5,55,676,0
1368,1.6,9,2941,3
1161,1.3,21,3336,3
1224,1.6,33,3796,3
902,0.6,63,3654,3
787,0.5,11,2934,2
854,0.5,30,2889,2
1184,1.5,48,3315,3
1973,1.6,39,1993,2
510,1.7,35,2509,1
966,2,34,3534,3
1438,1.8,16,2246,2
1986,0.5,51,3165,3
1907,2,55,286,0
1489,2.4,32,776,0
1843,1.8,16,3213,3
825,1.5,38,716,0
1286,2.3,16,424,0
840,0.6,63,3486,3
757,2.3,58,3237,2
814,1.1,41,1944,1
1195,1.1,8,643,0
767,0.8,10,2317,2
1068,1.3,52,1436,1
994,2.8,56,3190,2
1550,2.5,21,2338,2
1878,0.5,29,1334,1
623,2,6,3657,2
1829,0.5,15,2080,2
525,2.4,35,1609,0
1065,0.5,14,3078,2
1425,1.2,35,590,0
1296,1.4,11,2552,2
642,2.8,34,3355,2
1664,2.9,15,1968,2
1498,0.7,8,3358,3
981,1.9,2,1539,0
1236,2.8,32,942,0
1673,2.8,9,3669,3
712,1.6,9,3612,3
569,0.5,4,2351,1
603,0.7,64,604,0
1332,0.8,11,1285,1
1413,0.6,13,515,0
1064,2.9,34,654,0
1444,0.6,48,2540,3
1366,1.7,53,3869,3
906,2.1,18,3412,3
1554,2.7,47,509,0
1187,2.3,21,2547,2
1156,2.7,30,2735,2
1918,2.8,22,1369,1
841,0.5,39,2942,2
730,1.3,6,2812,2
878,1.3,31,3497,2
1059,0.5,50,619,0
1578,2.9,3,3483,3
1829,1.7,36,1475,1
1132,1,8,1950,1
1652,0.6,40,3592,3
912,0.5,58,3573,3
1181,2.3,61,2020,1
1497,0.7,32,1329,2
1790,2.3,49,3568,3
1742,1.6,49,1947,2
1549,0.5,8,1998,2
1372,2.7,34,725,0
1112,0.5,12,3302,3
1005,0.5,46,3884,3
783,1.7,27,1185,0
1698,2.5,26,1656,2
899,2.7,53,2870,2
1062,1.5,45,911,0
989,2,17,3892,3
1983,1.2,27,3897,3
1800,3,53,656,0
1254,1.7,45,606,1
868,1.7,30,1653,1
1205,0.5,12,860,0
1284,2.8,10,2197,1
626,0.7,23,3458,2
1763,2.9,53,2066,1
694,1.8,36,3676,3
1265,0.6,49,1518,1
816,0.5,14,1018,0
904,1.8,35,1360,0
979,0.5,5,3449,3
1531,2,60,2524,2
934,2,30,703,0
1624,2.6,58,1251,1
874,1.3,8,582,0
1027,2.2,63,1732,1
1966,0.8,48,1252,2
1048,1.5,29,2146,1
1496,1.9,38,1927,1
959,1.7,13,3328,2
1349,2.2,55,2462,2
1689,2.4,13,1172,0
1558,2.4,27,3598,3
582,0.5,27,2437,2
1485,2.8,44,3271,3
1991,1.8,9,1511,1
553,0.5,23,2981,2
1231,0.7,7,3119,3
805,0.8,34,3647,3
764,1.2,13,3148,2
894,0.9,54,2829,2
1589,2.6,46,2373,2
1456,1.6,39,3998,3
743,0.5,33,316,0
1061,2.1,52,999,0
1428,1.6,7,1808,1
674,2.8,8,589,0
832,1.1,46,3317,3
1625,0.5,50,670,0
907,1.4,42,584,0
1631,0.5,13,2173,2
1584,1.3,41,1561,1
1382,0.5,13,2073,1
633,1.4,46,1401,1
1444,2.1,38,3764,3
852,1.6,54,1275,0
922,0.7,47,1464,1
1745,1.5,57,2885,3
862,2.3,6,3458,3
1754,2.1,52,3019,3
1008,2.5,36,1083,1
1569,0.5,33,3538,3
1596,2.9,7,2493,2
1807,0.5,61,3726,3
1660,2.8,7,1531,1
1861,0.9,55,601,1
648,1.9,8,2991,2
1379,0.5,19,3912,3
1910,1.7,34,309,0
1807,2,13,323,0
1923,0.5,46,1489,1
1345,3,38,1322,1
904,1.6,14,1846,1
1239,1.2,52,417,0
1330,0.9,52,3269,3
516,0.7,30,3731,2
672,0.5,54,667,0
892,0.5,47,1241,1
1778,0.5,23,3941,3
1130,2.5,58,1018,0
1359,0.6,59,3142,3
1866,2.5,47,1444,1
1597,2.3,34,934,0
1046,2.8,58,3863,3
1035,0.6,44,3506,3
1175,1.3,19,1944,1
1261,0.5,11,348,0
1068,0.7,51,550,0
1713,3,20,971,0
1688,2.5,21,3984,3
1413,0.5,45,2973,3
559,0.5,11,2019,1
1483,2.6,19,1587,1
860,1.6,48,1870,1
1090,1.3,27,1352,1
686,0.5,3,570,0
818,1.3,43,546,0
1456,1.6,49,3624,3
774,0.5,10,2944,2
1068,0.5,19,1209,0
1373,1.9,29,2752,3
1777,3,20,3868,3
594,0.8,28,3087,2
1524,2.6,57,947,0
511,0.6,50,1484,0
1402,0.6,46,347,0
965,0.5,53,3227,2
1270,2.3,58,3299,3
919,0.5,13,1028,0
1963,1,34,714,1
1977,1.3,31,2641,3
1881,2.2,51,1229,1
683,0.7,19,2622,2
772,2.6,6,929,0
536,1.4,53,1211,0
1694,1.8,53,1653,2
1633,1.7,33,511,0
1371,0.5,52,3034,2
551,2.8,54,1414,0
1221,0.5,28,2438,3
1000,0.5,63,3744,3
1986,2.7,64,1377,1
1119,0.5,23,3520,3
1699,0.5,59,3796,3
1099,0.5,61,1699,1
1576,2.6,58,336,0
950,0.5,55,1095,0
1081,2.5,49,325,0
606,2.5,53,1223,0
502,1.5,37,1649,1
957,0.7,4,1898,1
1658,1.4,38,2609,2
1681,2.5,18,2265,2
1983,0.5,43,2775,2
1753,1.2,12,1445,1
1632,1.4,41,2614,2
1949,1.4,57,356,0
1696,1.7,13,523,0
688,2.5,57,3745,3
1104,1.7,60,1229,0
1122,2.8,28,1402,1
504,0.5,46,2085,1
1154,0.5,14,587,0
1727,2.1,63,2457,3
1674,2.8,52,2030,2
1948,2.8,18,816,0
1218,2.8,39,1667,1
531,1.1,63,2958,2
1057,2.1,5,3705,3
576,1.2,30,2800,2
1960,2.1,7,3773,3
673,1.7,22,2050,1
718,0.7,21,1754,1
864,1.7,35,1904,1
547,1.9,37,2705,1
623,0.9,3,3537,3
1793,0.7,27,1370,1
1720,0.7,19,1222,1
812,0.5,64,3102,2
980,0.5,33,2268,2
643,1,18,2648,1
1925,3,16,2173,2
1408,2.5,32,3162,3
1522,0.7,28,1368,1
587,2.5,51,2746,2
1959,0.5,18,619,0
1872,0.5,17,724,1
1043,0.5,42,912,0
1809,0.5,23,2784,3
1703,0.5,23,793,0
1095,0.5,45,560,0
1414,2.6,27,312,0
1659,2.5,41,545,0
1540,0.7,60,1591,1
1342,1,31,2746,3
1189,2.3,8,893,0
518,2.4,62,2514,1
1449,0.8,10,1032,1
516,1.1,39,819,0
1569,0.8,59,3672,3
1312,0.8,24,3833,3
1893,0.5,23,1482,2
1076,2.5,14,2043,1
530,2.6,40,1229,0
1044,2.8,33,1816,1
1330,1.1,37,2166,2
1836,1.1,14,2469,2
1741,0.5,55,2575,2
1869,2.6,30,1375,1
1331,0.5,55,1732,1
1655,0.5,4,673,0
605,1.5,18,2301,1
1245,0.6,30,2676,2
1709,0.8,58,1781,2
846,2.6,58,2248,2
1403,2.5,62,921,0
688,1.5,2,391,0
775,2.5,10,1719,1
1154,2,35,3262,3
1375,0.5,35,1947,1
1827,0.8,61,2693,3
1697,0.5,60,441,0
741,1.5,14,1886,0
1672,0.5,32,1267,1
514,0.7,57,687,0
1375,1.3,12,2890,3
989,1.8,55,1737,1
1510,2.5,47,887,0
1266,2.6,18,398,0
1396,2.4,46,2389,2
808,2.3,45,3431,3
1542,2.3,43,3601,3
745,0.6,35,2459,1
1735,1.9,59,3230,3
586,0.5,57,3646,3
1341,2.1,36,2200,1
781,1.3,64,3862,3
501,0.5,22,3077,2
1224,1.8,44,621,0
1970,1.6,58,2372,2
618,2.2,63,2574,2
1537,2.9,46,2857,3
1018,2.2,16,3143,3
1545,1.3,35,3197,3
1871,2.1,41,2727,3
1729,2.1,12,1519,1
680,2.1,9,2438,2
1106,1.9,54,2674,2
635,0.6,50,2107,1
618,0.6,16,2262,2
1671,0.5,5,815,0
1562,1.2,52,2829,2
1975,1.9,31,3022,3
831,0.7,62,2573,2
1524,1.8,10,2678,2
1528,1.8,55,1282,1
1447,2.5,9,568,0
1344,1.5,14,2074,1
564,3,8,2227,1
921,0.6,60,1080,0
1413,1.7,10,2867,2
831,2.4,55,1075,0
802,0.5,43,3063,2
1923,1.3,24,2479,2
1193,3,56,2394,2
904,1.2,31,2814,2
1285,2.4,51,2094,1
1635,2.6,2,2315,2
1923,1,14,2519,2
1851,1.9,12,735,0
727,1.5,32,1891,1
1396,1.5,44,1386,1
877,1.3,46,3260,2
696,2.4,35,2022,1
1009,1,2,1716,1
1526,1.1,38,3317,3
987,2,20,1454,0
1414,2.2,49,2290,1
1732,0.8,61,3940,3
1587,0.5,50,461,0
1097,0.8,21,2219,2
504,2.8,40,470,0
1159,2.7,28,2495,2
1910,1.4,29,2944,2
865,1.2,59,2361,2
1930,2,16,1783,2
860,1.3,40,2832,2
1268,2.9,42,931,0
999,1.8,27,1344,0
622,0.7,9,3916,2
1250,1.4,44,1882,1
763,0.5,51,2865,2
1100,1.6,15,757,0
815,2,51,3469,3
618,0.5,57,2399,1
553,2.2,18,3300,3
673,2.2,3,2719,2
563,2,47,3012,2
1590,1.5,14,2836,3
1031,2.1,11,2385,2
909,0.5,30,594,0
1880,0.5,7,2968,3
1479,1.8,24,3762,3
1271,1.5,2,892,1
709,1.9,13,467,0
1744,2.8,62,345,0
1314,2.2,40,3033,3
1136,0.5,9,2110,2
1039,2.7,56,3105,2
1300,0.5,62,874,0
732,2.3,39,3681,3
511,0.7,52,3865,2
1092,0.5,11,737,0
921,2.2,10,3153,3
1030,0.5,37,2800,2
1130,1.8,27,315,0
1299,2.8,60,1412,1
1009,2.8,2,2286,2
1735,1.8,34,2392,2
1129,2.8,49,1857,1
708,1.9,26,1419,0
894,0.7,58,3305,2
530,2.4,32,959,0
1481,2,35,2635,2
1068,2.7,45,1754,1
1487,0.5,57,2563,2
1524,2.5,41,1936,1
1093,1.9,22,1869,1
1816,1.6,50,3637,3
627,1.8,20,896,0
989,0.7,51,2349,1
1895,0.5,5,774,1
805,1.7,58,3397,2
713,1.6,2,485,0
864,2.5,24,3964,3
1177,0.9,11,1887,1
582,0.5,32,2977,2
1898,1.8,56,2114,2
1158,0.7,29,1542,1
1451,0.5,57,3038,3
1820,1.4,51,2481,2
984,0.5,9,841,0
580,2.1,24,3565,2
1263,2,5,1958,2
1237,0.5,27,2454,2
514,1.6,37,3392,3
1515,2.6,56,262,0
721,0.5,6,530,0
603,2.5,35,3703,3
1426,2.5,55,2562,2
1820,1.7,64,574,1
1215,1,16,2632,2
697,2.7,20,259,0
717,0.5,10,688,0
1348,2,36,2554,2
1164,2.6,61,3859,3
578,0.5,62,2977,2
1971,0.5,40,571,0
1794,0.5,55,402,0
1558,2.5,32,878,0
1597,0.9,4,2130,2
1240,1.6,39,3260,3
1994,0.8,7,454,0
1221,2.3,35,2638,2
989,1.6,24,2819,2
1180,1.2,50,1464,1
718,2.8,59,1824,1
1670,1.6,47,876,1
534,2.5,21,2706,2
1566,0.5,20,659,1
1935,0.5,29,455,0
504,2.8,54,2378,2
913,1.7,41,2278,1
1317,1.8,43,3436,3
917,0.5,31,3424,3
712,2.5,49,401,0
1083,1,52,681,0
1039,0.6,6,3212,2
1747,0.5,13,3105,3
1449,0.5,52,2036,1
1872,0.5,49,3153,3
1796,1.6,7,1642,1
1097,1.4,60,509,0
1562,0.5,20,3465,3
1433,2.3,27,3900,3
740,1.8,12,1105,0
676,2.2,39,2064,1
503,1.8,13,3117,3
1020,1.5,7,1142,1
896,1,4,1060,1
1824,0.8,19,2381,2
1512,0.6,54,3366,3
1053,2.9,42,1339,0
1944,1.8,31,2560,3
1174,0.7,25,285,0
627,1.6,12,2476,1
1602,2.7,46,1862,1
1733,1.5,6,3488,3
586,1.4,8,3178,2
1528,2.4,37,733,0
875,0.7,23,756,0
1602,0.6,58,3622,3
1426,1.6,12,1277,1
1370,1.4,6,3703,3
609,0.5,10,1905,1
840,1.2,15,2636,2
991,2,12,2014,2
1724,1.8,9,3056,3
584,1.8,19,465,0
860,1.3,49,3869,3
1541,2.8,28,1108,1
615,0.5,58,1906,1
912,2.8,46,851,0
1278,1.2,60,3142,3
1365,0.6,31,1300,0
1702,1,36,1430,2
589,0.5,59,362,0
1347,1.5,56,2456,2
1644,2.8,44,2360,2
956,1.9,42,3700,3
1089,1.4,2,2620,2
871,0.6,52,437,0
664,1.5,6,3774,3
1874,0.6,19,1218,1
1928,2.6,5,696,0
888,2.6,33,3407,3
1077,1.7,58,3902,3
1023,2.3,30,2086,1
1426,0.8,42,1356,1
831,1.7,26,1704,0
1496,1.3,6,3571,3
1433,2.3,5,2132,1
1095,2.6,44,3209,3
643,0.7,23,2096,1
1142,1.1,6,1273,1
730,0.5,27,3623,2
1901,0.5,41,368,0
1510,0.6,32,854,1
1924,2.6,59,3646,3
1825,1.1,17,3130,3
1275,0.5,5,3784,3
987,2.3,17,3885,3
1538,2.3,13,1494,1
1965,0.5,29,2973,3
808,1.9,20,1471,0
712,0.5,27,2001,1
1507,0.9,42,1486,1
912,0.7,47,1321,0
769,1.2,17,1877,1
948,2.3,22,3499,3
507,1.9,39,2124,1
1384,2.8,60,1221,1
1766,1.3,29,2316,2
1407,1.8,16,1068,1
614,2.9,24,1930,1
1972,2.9,14,1316,1
1039,0.5,47,1742,1
511,3,34,3265,2
1811,2.5,5,2700,2
1159,1.5,36,2115,2
1848,1.3,12,3915,3
1988,0.5,16,3144,3
1469,0.5,58,1571,2
1423,0.6,44,2253,1
1974,0.5,10,1433,1
835,0.8,42,2583,2
1429,0.6,42,1817,1
947,0.5,51,2915,2
1446,2.8,18,3340,3
1332,1.3,7,2790,2
1498,1.2,14,577,0
1576,0.9,14,3220,3
1398,1.6,26,3488,3
1885,2.4,14,1277,1
798,0.5,2,3593,2
1436,2.5,42,2736,3
1998,1.2,31,2311,2
1321,1.3,63,1464,1
1021,1.3,9,1355,1
1339,2.3,40,2382,2
1210,1.6,57,1886,1
1949,0.5,31,832,1
882,0.7,28,751,0
1549,1.5,27,436,0
1991,2.2,42,722,0
796,0.5,12,1075,0
1012,0.5,39,2802,2
1318,1.9,11,1780,1
1708,0.8,14,1247,1
598,0.8,62,3066,2
541,2.3,51,403,0
818,0.5,23,2518,2
1414,0.5,15,1069,0
601,1.7,6,2651,2
561,2.8,40,2974,2
1616,2.3,52,657,0
1263,1.4,32,3372,3
1604,1.9,63,1464,1
539,2,24,1326,0
1071,2.6,49,3393,3
826,0.5,57,323,0
771,2.9,62,1628,1
1811,2.9,33,2610,3
1842,2.2,56,3721,3
1420,2.8,50,763,0
1763,0.5,10,792,0
1163,1.9,2,1568,1
1805,0.5,29,1276,1
610,1.6,52,3472,3
1533,1.1,17,2520,2
1924,0.5,63,3423,3
1801,0.5,52,258,0
1726,1.9,42,1868,2
794,2.5,14,2171,1
1686,0.5,28,780,0
1444,2.1,6,712,0
1004,1.6,30,1012,0
1242,2.4,28,318,0
539,1.5,26,3948,3
717,1.1,14,629,0
1540,0.7,29,1161,0
672,0.5,35,1403,0
1325,0.5,13,3707,3
950,0.5,55,1305,0
948,1.5,18,2926,2
1328,0.5,27,2674,2
1447,0.5,40,471,0
1973,0.5,21,1724,1
1731,2.3,60,1220,1
1617,1.5,63,2754,2
1791,0.5,33,594,0
851,2.3,54,1005,0
856,1.9,14,2439,1
714,0.5,30,2302,1
951,0.5,15,1083,0
1303,2.1,10,2219,2
1550,2.7,32,1571,2
1759,1.4,15,2107,2
1448,0.5,2,593,0
1987,1.9,50,857,1
908,2.1,44,3518,3
820,0.5,58,1284,0
904,2.7,19,545,0
667,1.3,6,3566,2
1109,2.1,34,2821,2
1333,1.4,59,3442,3
1352,2.4,6,1309,1
1600,2.5,19,1179,1
1454,1.4,37,1713,1
1489,2.1,9,1663,1
1823,2.8,10,1812,2
1581,1,41,1384,1
1672,1.7,44,1348,1
1283,0.7,27,3957,3
630,2,14,1212,0
659,2.2,24,3925,3
1811,0.5,32,348,0
688,2.5,40,1382,1
514,2.9,18,980,0
1933,2.8,16,838,0
915,2,31,378,0
1006,2.2,22,909,0
1134,0.9,13,3632,3
599,2.9,64,3396,2
973,0.5,53,1861,1
1180,2.5,27,348,0
1237,2.5,13,2528,2
659,0.5,5,2190,1
1142,1.4,6,663,0
1002,2.7,11,961,0
1392,2.5,44,1280,1
602,0.9,50,2189,2
1249,0.5,55,531,0
531,0.5,12,2331,1
1450,2.1,31,794,1
1342,2.8,50,2644,2
832,0.5,22,1666,1
867,1.5,57,2157,1
1404,2.1,44,1196,1
840,0.9,33,2072,2
1368,0.5,42,1590,1
1927,0.9,11,2916,3
1714,0.5,31,3707,3
1201,0.5,10,726,0
1796,2.3,44,3577,3
1147,0.8,28,2627,2
776,1.7,20,685,0
510,2.6,33,1693,1
1045,1.2,40,2137,2
1497,0.9,10,3696,3
1425,0.6,33,3771,3
726,2.2,40,1342,0
1576,2,20,1379,1
714,2.1,11,1164,1
1595,1.9,63,908,1
541,1,10,1019,1
1617,2.6,29,3685,3
1154,1.1,5,1470,1
1638,1,2,2299,2
1150,2.7,39,999,0
1254,2.3,44,3011,2
1806,2,54,3142,3
603,1.5,12,1543,1
1834,2.1,40,3692,3
520,2.3,31,2753,1
565,0.6,50,2156,1
1689,0.5,9,2637,2
742,2.3,21,331,0
1143,1.2,22,1214,1
761,0.5,3,2248,2
959,1.3,36,3073,3
772,1.2,8,422,0
1015,0.8,12,2293,1
1824,1.9,2,3958,3
1130,0.5,29,432,0
1183,0.5,48,1152,0
574,2,26,1303,0
1472,3,20,797,0
1868,0.5,40,298,0
1375,2.9,20,3847,3
881,1,64,2110,1
1742,0.5,43,1921,2
1225,0.7,60,2423,2
1970,0.5,15,1658,2
1186,0.5,21,2361,1
1762,0.7,60,1380,1
1731,1.4,4,3892,3
852,1.8,8,315,0
848,1.5,36,2289,1
1575,2.5,11,2182,2
1554,2.8,23,2184,2
1972,1.6,48,2872,3
827,0.6,35,2367,1
1063,1.5,3,1919,1
1695,2.3,34,3296,3
1343,2.4,14,462,0
834,0.5,27,1591,1
595,2.6,20,1593,0
1081,1.9,42,2456,1
911,1.4,14,2933,3
844,2.2,22,3154,3
1335,3,60,3615,3
1883,1.6,24,3563,3
1128,0.5,33,1440,1
826,2.4,57,1907,1
1650,2.3,38,324,0
1162,1,50,1404,1
1517,2.5,8,2738,2
963,0.5,60,2722,2
1837,1,12,2294,3
1028,2.8,30,1424,1
1831,2.2,55,1133,1
571,2,58,555,0
1770,2.3,9,3785,3
970,1.3,59,3675,3
642,0.5,38,435,0
622,1.9,11,3183,2
600,1.8,6,3495,2
1412,0.6,57,1853,1
733,0.8,16,2648,2
1070,3,19,2647,2
875,0.7,30,702,0
1994,0.7,5,1836,2
823,1,18,3894,3
1908,0.5,30,2944,3
790,0.5,44,3424,3
1330,1.8,40,2678,2
1660,0.5,15,2424,2
1776,2.2,20,2671,3
1611,0.5,27,3078,2
1410,0.5,15,2304,2
1772,1.6,45,1146,1
1280,1.3,39,2335,1
1712,0.9,23,1422,1
1562,0.7,55,2096,2
891,1.9,18,1303,0
1957,1.2,36,1115,1
1110,0.6,42,456,0
875,1.4,43,3396,3
1211,1.2,28,2750,2
769,0.5,54,941,0
671,2.9,2,2278,2
1872,0.5,26,2273,2
1076,2.3,14,2355,2
1325,1.9,50,2328,2
911,2.2,28,2638,1
1273,0.7,23,558,0
1062,0.5,39,1345,0
1317,1.5,12,425,0
940,2.9,16,2192,1
729,2,14,3397,2
1494,2.4,3,1208,1
1546,1.6,27,267,0
1253,0.7,34,3518,3
895,0.5,16,3122,2
793,1.9,43,1050,0
1628,1.8,56,3358,3
625,2.7,42,2929,2
1110,1.5,12,624,0
999,1.7,49,1598,1
1856,0.5,24,2052,2
1715,2.6,15,1249,1
1897,1.9,54,412,0
1202,2.4,19,595,0
1171,1.7,19,263,0
964,2,22,2577,2
1973,2.4,46,639,0
1992,0.6,2,3206,3
546,2.6,26,1550,1
1093,0.5,31,1646,1
1880,2,35,1930,2
1765,1.1,11,3695,3
1640,0.5,36,3235,3
1830,0.5,7,2334,2
826,0.6,62,1998,1
1864,2.2,7,2258,2
586,0.6,42,1869,1
1206,3,30,1825,2
832,0.5,5,3946,3
848,2.8,8,436,0
1851,2.9,53,2678,2
1166,0.5,59,3887,3
1776,2.1,35,1813,1
1254,1.2,27,817,0
1494,1.6,24,3614,3
984,2.2,39,2013,1
1179,0.8,5,543,0
513,1.9,27,3400,2
557,0.5,17,2623,1
744,1.7,33,2700,2
1129,0.8,21,1400,1
1148,2.3,58,3127,2
1793,2.7,44,2803,3
1310,2.3,15,2518,2
1604,1.2,6,3564,3
1676,1.6,37,2515,2
1001,2.8,40,3654,3
1086,2.7,24,3930,3
1986,0.5,39,3476,3
634,0.8,41,3242,3
502,0.8,52,2666,2
1641,1.1,48,1695,2
623,1.4,15,3510,2
962,1.1,17,3438,3
1057,2.7,41,2033,1
1862,1.5,62,1017,1
555,3,38,1686,1
1000,2.7,58,862,0
841,0.5,11,957,0
865,2.9,16,3494,3
999,2.6,56,3083,2
1232,1.2,30,1656,1
1194,2.3,34,313,0
612,0.5,20,3282,3
1362,2.9,47,3629,3
1469,1.7,44,1687,1
986,0.8,28,1149,0
1843,2.8,62,3899,3
1561,0.5,4,1783,2
1695,0.5,47,1629,1
667,2.6,8,2528,2
1768,2,2,3256,3
1269,2.8,41,2341,2
1109,2.8,57,2785,2
936,0.5,14,3761,3
1713,2,5,1513,1
1175,1.7,45,2240,1
1940,1,5,820,1
855,0.5,59,1875,1
771,0.5,33,920,0
645,2.5,63,3615,2
1307,1.8,7,1412,1
1948,2.9,5,361,0
1509,0.6,50,1540,1
626,2.8,11,1077,0
1190,2,40,3610,3
1727,2.1,57,512,0
1670,3,62,3024,3
1150,0.5,27,1610,1
1208,2.9,16,2201,1
1812,1.3,42,3338,3
770,1.5,61,3473,3
1559,1.3,10,2203,1
1902,0.5,13,940,1
1751,2.5,4,1155,1
1416,1.8,20,3872,3
1288,0.5,61,1882,2
1003,2.9,16,1798,1
1715,0.5,18,2598,3
1967,0.5,46,1567,1
962,1,2,1491,1
1487,1.5,42,2003,2
1569,1.6,54,3905,3
1146,3,57,291,0
1379,1.5,9,1693,1
1504,1.9,25,1788,1
1945,1.2,26,3322,3
1630,2.8,32,1751,2
1125,2.7,23,1641,1
614,0.7,51,2854,2
854,1,17,3115,2
1470,1.7,45,3259,3
1826,0.5,49,1612,2
807,0.5,37,2319,1
1996,2.8,7,1258,1
1083,2,41,1543,1
1035,0.5,49,3991,3
1521,1.6,62,3555,3
1314,2.8,5,3411,3
535,1.9,24,524,0
673,1.9,35,3541,3
1219,1.6,4,1998,2
1606,0.5,33,3437,3
1603,0.5,17,1637,1
1958,0.5,52,3064,3
695,0.5,12,2855,2
1441,0.6,53,1393,1
1470,2.2,33,1633,2
1890,1.1,48,2392,3
1152,2.1,26,3284,3
1619,0.9,20,464,0
1002,1.8,45,1234,0
742,0.5,36,292,0
1306,2.1,33,2521,2
1424,2.9,20,2658,2
942,1.4,27,587,0
1934,2.7,2,2190,2
1290,1.4,35,879,0
930,2.1,54,1743,2
1699,0.5,21,1181,1
1849,0.5,29,3330,3
1922,0.5,42,3564,3
548,1,56,562,0
916,0.5,47,1659,1
1783,0.5,14,1816,2
1083,1.4,49,1338,0
1698,2.8,7,2992,2
1969,0.8,7,315,0
869,1.9,2,3249,2
1337,2.7,5,3242,2
637,0.8,28,2725,2
833,0.6,27,586,0
1248,2.4,9,2454,2
1174,0.9,30,804,0
1831,2.3,44,2460,2
1002,2.6,27,1295,0
1010,2,8,2625,2
1117,0.5,21,1999,1
990,2.7,15,2698,2
1564,1.4,26,3742,3
1065,2.8,21,1193,1
1982,1.1,24,3511,3
1607,1.1,20,885,0
1066,3,5,1044,0
681,0.5,17,2548,2
1163,2.1,19,2940,2
1285,0.8,11,3966,3
753,0.5,48,3484,3
1779,2.6,5,1246,1
987,1.9,52,2757,2
511,0.9,24,2378,1
1044,1.8,12,1794,1
1855,0.5,32,3933,3
946,1.4,26,1637,0
657,1.9,21,783,0
1673,1.6,42,3094,2
731,0.5,28,1774,1
926,0.8,59,256,0
1261,0.5,52,1365,1
618,1.1,45,2339,2
936,2.3,57,2049,1
1485,0.9,28,3241,3
1339,0.5,21,867,0
508,1.3,50,2175,1
1938,0.5,44,3497,3
995,1.3,10,609,0
1086,1.7,43,3285,2
1322,2.3,35,3684,3
1864,1.9,57,3586,3
1944,0.5,26,2322,2
581,0.6,56,354,0
1020,0.7,27,3204,3
1936,1.3,44,1400,1
1329,1.7,23,2308,1
808,0.5,46,1082,0
994,1.2,40,3104,2
1811,2,22,2847,2
765,2.5,44,2256,2
993,2.3,16,1113,0
1136,1.6,32,3210,3
719,0.5,23,3990,3
733,0.6,63,984,0
1946,2.7,8,3117,3
1230,1.6,48,1622,2
1577,1,64,2967,3
1514,1.4,12,1037,0
579,2.5,7,2908,2
574,3,30,1167,0
1072,2.2,19,2715,2
843,1.3,16,1734,1
1492,1.5,11,2259,3
1807,2.9,16,2921,3
909,0.7,47,1244,0
1876,1.3,64,3132,3
1436,2.4,23,2488,2
1251,0.5,29,1052,0
636,0.5,28,2927,2
1354,0.7,26,2090,1
930,0.5,34,2131,2
1830,1,47,3362,3
1424,0.5,23,1053,1
583,0.9,51,1799,1
648,0.5,54,3124,3
1203,0.5,11,1672,0
1777,2.2,15,1552,1
1299,2.8,64,1938,1
1494,1.9,47,3202,3
527,0.7,53,1302,0
793,2.8,64,2296,1
873,0.5,8,575,0
722,1.1,12,2359,1
1250,1.5,20,3314,2
1358,1.7,60,440,0
1035,1.9,11,2002,1
1289,0.8,16,3167,3
1445,2.2,37,3480,3
1702,2.3,47,595,1
534,0.5,2,2466,2
628,1.8,60,1337,1
713,1.4,53,1462,0
1207,0.5,58,503,0
683,2.1,30,2066,1
594,2.6,27,708,0
537,2,55,2029,1
1565,0.5,38,308,0
1052,0.9,6,552,0
713,1.6,63,2082,1
1766,0.5,16,3314,3
584,1.7,19,3996,3
1541,1.5,5,1795,1
837,2.4,51,594,0
935,0.5,58,2473,2
665,0.7,31,690,0
680,2.4,34,3845,3
877,1.5,17,2004,1
1493,1.5,53,2083,2
1762,0.6,26,2661,2
842,1.8,57,1903,1
925,2.1,56,2466,2
1692,2.1,2,3779,3
1576,2.2,5,3904,3
1065,1.7,48,265,0
958,1.6,60,1417,0
623,0.8,26,1769,1
897,1.4,17,2948,2
1110,1.5,41,2572,2
616,2.2,21,3267,2
1680,1.2,37,1459,1
1715,1.3,12,1633,2
983,0.6,45,2052,1
720,0.9,14,1086,0
1660,0.6,24,2402,2
1564,1.5,42,3376,3
592,0.8,52,1507,0
969,1.8,44,641,0
1356,0.5,35,3451,3
504,1,14,1607,0
1546,0.5,6,3521,3
689,2.9,7,1241,0
1685,0.6,16,881,0
1792,1,62,2563,3
1786,1.2,61,3033,3
1944,0.6,59,769,0
1077,2.5,49,3454,3
648,1.8,60,819,0
1702,0.5,2,435,0
1571,2.9,30,586,0
856,1.1,19,650,0
1786,2.6,14,3038,3
914,0.7,60,3736,3
1615,2.8,9,2948,2
649,1.4,19,739,0
1646,2.5,25,686,0
1189,1.9,7,841,0
1043,2.7,29,1183,0
1920,0.6,19,3943,3
1220,2.8,54,1037,0
1748,0.5,53,2633,2
907,2.6,44,3911,3
1193,2.3,20,1958,2
1766,0.5,22,3297,3
1278,1,24,3141,3
1234,1.7,17,3351,2
1961,1.5,55,2355,3
1745,2.9,3,1308,1
1442,0.6,27,991,0
1083,2.9,39,3248,2
868,0.9,5,1519,0
864,1.6,53,493,0
1142,1.2,2,1747,1
608,0.5,64,2517,1
983,1.8,53,1389,1
1720,1.6,2,2522,2
1802,1.2,27,1885,2
591,2.1,16,704,0
1205,2.7,10,953,0
1369,1.7,28,3206,3
713,0.9,42,928,0
1082,2.3,2,2177,1
1719,2.1,52,2610,2
1544,2.4,12,489,0
1090,2.3,8,3839,3
1991,2.8,15,1861,1
1367,2.9,56,299,0
1179,0.5,32,340,0
721,2.7,15,3606,3
1549,1.8,62,799,0
1349,2.1,46,2367,1
1799,1,30,445,0
1075,0.5,11,3927,3
684,0.9,63,3756,3
1837,0.5,36,770,0
1619,1.9,21,1641,1
965,1.4,13,2343,2
730,1.5,9,2787,2
1361,1.4,47,2495,2
1494,1.6,45,3208,3
1027,0.8,18,1234,0
1807,0.8,38,1069,1
709,2.4,11,3568,3
689,1.4,45,3585,3
955,0.5,2,1974,1
1872,1.9,35,2419,3
1259,1.2,13,340,0
695,1.2,41,2282,1
1969,1.2,63,298,0
759,2.5,39,968,0
936,1,18,2391,2
1176,2.1,62,1534,1
1802,2.7,10,696,0
772,1,23,2782,2
1318,2.4,45,755,0
591,0.5,16,3746,3
569,2.5,41,2651,1
764,1,45,1341,0
1056,2.1,37,2651,2
1982,1.6,12,1824,1
1830,0.5,14,1905,2
1122,0.5,40,1456,1
1023,0.7,63,3155,3
1283,2.4,33,773,0
1602,1.6,35,1829,2
732,1.3,32,3883,3
1854,0.9,33,1675,1
718,1.6,30,1601,1
897,2,2,1958,1
1405,1.7,8,2376,2
798,0.6,21,1647,1
1035,2.7,40,3548,3
1396,0.6,37,2694,2
1749,0.5,49,2195,2
1588,2.5,4,2506,2
1600,0.5,16,2073,2
1522,2.2,21,3767,3
1279,2.5,7,1150,1
719,2.9,6,841,0
544,0.5,7,1675,0
1007,2.9,21,1301,0
590,1.2,32,1817,0
1788,0.5,6,2321,2
748,1.4,25,1974,1
757,0.9,64,3433,2
1561,1.6,27,1205,1
1327,2.8,23,872,0
797,1.5,18,2052,1
727,2.5,64,3654,3
686,2.7,36,1503,0
1515,2.1,24,3104,3
555,0.5,17,343,0
1589,0.6,5,3430,3
1976,2.6,45,2470,3
1884,1,24,1396,1
1063,2,27,2668,2
672,0.6,61,1457,0
635,0.5,16,2452,2
1906,1.9,55,1871,1
1753,0.7,40,1112,1
659,1.4,3,967,0
1583,1.2,14,2498,2
1783,2.9,42,387,1
1667,1,21,635,0
640,1.3,6,2711,2
1913,1.8,29,2023,2
538,1.1,25,2215,1
1191,0.8,46,824,0
816,3,9,3851,3
915,0.5,33,2156,1
1157,0.8,27,2885,3
1201,0.5,10,495,0
1379,1.1,18,2358,2
1483,2.2,53,1744,1
1614,1.2,9,1832,1
930,1,4,2016,1
1454,2.6,6,1300,1
1784,1.6,41,2313,2
1262,1.8,34,3248,2
797,2.2,37,2216,1
1829,2.1,59,3142,3
1139,0.9,58,1850,1
618,1,13,1424,0
1547,2.9,57,1620,1
586,2.8,15,2592,1
1617,2.4,36,296,0
1882,2,44,3579,3
674,2.9,21,1180,0
1467,0.5,18,3962,3
858,2.2,50,3978,3
794,0.5,2,668,0
1965,2.6,39,2032,2
1911,0.9,36,3057,3
1512,0.9,46,869,0
510,2,45,3919,3